{
  "train_loss": [
    0.7096997833677701,
    0.6442535259361778,
    0.504877169190773,
    0.4726142652731921,
    0.4502787589893809,
    0.45587204530768627,
    0.3977070907663022,
    0.3482803054519796,
    0.37390295092149506,
    0.2883066436741501,
    0.33911951085153436,
    0.26321044450991654,
    0.280622256686911,
    0.2059838781981463,
    0.30429714649050893
  ],
  "train_acc": [
    51.142857142857146,
    64.42857142857143,
    80.14285714285714,
    83.85714285714285,
    85.14285714285714,
    86.57142857142858,
    86.42857142857143,
    89.71428571428571,
    89.28571428571429,
    92.85714285714286,
    90.42857142857143,
    92.71428571428572,
    92.0,
    95.0,
    92.42857142857143
  ],
  "val_loss": [
    0.6857905288537344,
    0.5472394169618686,
    0.6946046447381378,
    0.5413681718831261,
    0.9512577369731541,
    0.8494600858616953,
    0.7460097351189082,
    0.7045540567487478,
    0.9514811930595897,
    0.7413250171074954,
    0.6584709524371041,
    0.6563839934494656,
    0.7552740762223645,
    0.9119380346499384,
    0.8765287858385515
  ],
  "val_acc": [
    51.33333333333333,
    74.66666666666667,
    78.0,
    81.33333333333333,
    78.66666666666666,
    81.33333333333333,
    79.33333333333333,
    84.66666666666667,
    80.66666666666666,
    85.33333333333334,
    84.66666666666667,
    85.33333333333334,
    83.33333333333334,
    83.33333333333334,
    82.66666666666667
  ],
  "lr": [
    9.939057285945933e-05,
    9.757729755661012e-05,
    9.460482294732422e-05,
    9.054634122155992e-05,
    8.550178566873411e-05,
    7.959536998847744e-05,
    7.297252973710758e-05,
    6.579634122155991e-05,
    5.824350601949144e-05,
    5.050000000000001e-05,
    4.275649398050859e-05,
    3.520365877844011e-05,
    2.8027470262892444e-05,
    2.1404630011522593e-05,
    1.5498214331265904e-05
  ]
}